rs#	alleles	chrom	pos	strand	assembly#	center	protLSID	assayLSID	panelLSID	QCcode	Var1	Var2	Var3........
S1_19367	A/G	1	19367	+	NA	NA	NA	NA	NA	NA	A	N	N
S1_65942	C/T	1	65942	+	NA	NA	NA	NA	NA	NA	C	N	N
S1_124882	G/T	1	124882	+	NA	NA	NA	NA	NA	NA	G	N	N
S1_165701	T/C	1	165701	+	NA	NA	NA	NA	NA	NA	N	T	N
S1_167664	A/C	1	167664	+	NA	NA	NA	NA	NA	NA	N	N	N
S1_174723	T/C	1	174723	+	NA	NA	NA	NA	NA	NA	T	N	N
S1_174816	G/A	1	174816	+	NA	NA	NA	NA	NA	NA	N	N	N
S1_204606	C/A	1	204606	+	NA	NA	NA	NA	NA	NA	C	N	N
S1_204607	C/T	1	204607	+	NA	NA	NA	NA	NA	NA	C	N	N
S1_204609	A/C	1	204609	+	NA	NA	NA	NA	NA	NA	A	N	N
S1_385206	C/T	1	385206	+	NA	NA	NA	NA	NA	NA	N	N	N
S1_386593	C/A	1	386593	+	NA	NA	NA	NA	NA	NA	N	C	C
S1_440485	T/C	1	440485	+	NA	NA	NA	NA	NA	NA	T	N	C
S1_440513	C/A	1	440513	+	NA	NA	NA	NA	NA	NA	C	N	C
S1_444898	G/A	1	444898	+	NA	NA	NA	NA	NA	NA	N	G	G
